id,brand_name,name,city,gu,address,gasoline,diesel,self,car_wash,charging_station,car_maintenance,convenience_store,24_hours,lat,lng
1,SK에너지,(주)보성 세곡주유소,서울,강남구,서울 강남구 헌릉로 731 (세곡동),1562,1439,1,1,0,0,0,0,37.46715650000000,127.11870810000000
2,SK에너지,자곡셀프주유소,서울,강남구,서울 강남구 밤고개로 120 (자곡동),1609,1474,1,1,0,0,0,0,37.48340020000000,127.10404580000000
3,HD현대오일뱅크,HD현대오일뱅크㈜직영 산성셀프주유소,서울,강남구,서울 강남구 헌릉로 730,1609,1464,1,1,0,0,0,0,37.46656750000000,127.11908030000000
4,GS칼텍스,방죽주유소,서울,강남구,서울 강남구 밤고개로 215 (율현동),1617,1499,1,1,0,0,0,0,37.47499260000000,127.10688660000000
5,SK에너지,오일프러스 셀프,서울,강남구,서울 강남구 남부순환로 2651 (도곡동),1619,1524,1,1,0,1,0,1,37.48583900000000,127.03967210000000
6,S-OIL,극동유화㈜ 개나리주유소,서울,강남구,서울 강남구 언주로 423 (역삼동),1629,1534,1,1,0,1,0,1,37.50007760000000,127.03854190000000
7,HD현대오일뱅크,HD현대오일뱅크㈜직영 도곡셀프주유소,서울,강남구,서울 강남구 남부순환로 2718 (도곡2동),1629,1554,1,1,0,1,0,0,37.48546230000000,127.04321810000000
8,HD현대오일뱅크,HD현대오일뱅크㈜직영 유진주유소,서울,강남구,서울 강남구 논현로 152 (도곡동),1644,1569,0,1,0,1,0,0,37.48743160000000,127.03999760000000
9,HD현대오일뱅크,삼성동주유소,서울,강남구,서울 강남구 테헤란로 619 (삼성동),1649,1559,1,1,0,0,0,0,37.50985760000000,127.06511010000000
10,SK에너지,SK서광주유소,서울,강남구,서울 강남구 역삼로 142,1665,1565,1,1,0,1,0,1,37.49434240000000,127.03509150000000
11,SK에너지,대교셀프주유소,서울,강남구,서울 강남구 강남대로 640 (신사동),1690,1628,1,0,0,0,0,1,37.52812920000000,127.03555370000000
12,S-OIL,일원주유소,서울,강남구,서울 강남구 양재대로55길 3 (일원동),1695,1517,1,0,0,0,0,0,37.49425010000000,127.09419970000000
13,SK에너지,(주)중앙에너비스 수서지점,서울,강남구,서울 강남구 광평로 202 (수서동),1695,1557,1,1,0,0,0,0,37.48410530000000,127.09504010000000
14,S-OIL,(주)선진도곡주유소,서울,강남구,서울 강남구 도곡로 162 (도곡동),1699,1595,0,1,0,1,0,0,37.48782540000000,127.04668760000000
15,GS칼텍스,지에스칼텍스㈜에너지플러스허브GS타워,서울,강남구,서울 강남구 논현로 516 (역삼동),1719,1689,1,0,0,1,0,1,37.50270829999999,127.03639560000000
16,SK에너지,대동석유 압구정주유소,서울,강남구,서울 강남구 언주로 842 (신사동),1727,1697,1,1,0,0,0,1,37.52534310000000,127.03382420000000
17,SK에너지,(유)동하석유 힐탑셀프주유소,서울,강남구,서울 강남구 논현로 640,1727,1697,1,1,0,0,0,1,37.51068870000000,127.03256890000000
18,SK에너지,SK에너지㈜ 진달래주유소,서울,강남구,서울 강남구 도곡로 208,1729,1649,0,1,0,0,0,0,37.49229500000000,127.04185980000000
19,SK에너지,SK에너지(주) 매봉주유소,서울,강남구,서울 강남구 언주로 307,1749,1649,1,1,0,1,0,0,37.49493410000000,127.04590620000000
20,GS칼텍스,에스제이에너지산업(주) 개포주유소,서울,강남구,서울 강남구 양재대로 339,1798,1678,1,1,0,0,0,0,37.47224090000000,127.05151340000000
21,GS칼텍스,지에스칼텍스㈜ 은마주유소,서울,강남구,서울 강남구 영동대로 235,1865,1720,0,1,0,1,0,1,37.50007210000000,127.06728480000000
22,HD현대오일뱅크,HD현대오일뱅크㈜직영 신사현대주유소,서울,강남구,서울 강남구 도산대로 163 (신사동),1928,1849,0,1,0,0,0,0,37.51952050000000,127.02631710000000
23,GS칼텍스,지에스칼텍스(주)학여울주유소,서울,강남구,서울 강남구 남부순환로 3170 (일원2동),1933,1821,0,1,0,0,0,0,37.49467620000000,127.07783050000000
24,GS칼텍스,지에스칼텍스㈜ 삼성로주유소,서울,강남구,서울 강남구 삼성로 563 (삼성동),1965,1823,1,1,0,0,0,1,37.51397499999999,127.05612740000000
25,GS칼텍스,대성석유(주)동호주유소,서울,강남구,서울 강남구 봉은사로113길 51,1969,1882,0,0,0,0,0,0,37.51848600000000,127.06466550000000
26,HD현대오일뱅크,HD현대오일뱅크㈜직영 한양주유소,서울,강남구,서울 강남구 압구정로 302 (신사동),2028,1984,0,1,0,0,0,0,37.52886810000000,127.03410460000000
27,GS칼텍스,(주)소모 쎈트럴주유소,서울,강남구,서울 강남구 삼성로 335,2109,1987,0,1,0,0,0,0,37.50142090000000,127.05914080000000
28,S-OIL,명품주유소,서울,강남구,서울 강남구 도곡로 249 (역삼동),2128,2057,1,1,0,0,0,1,37.49427040000000,127.04550930000000
29,SK에너지,대청주유소,서울,강남구,서울 강남구 개포로 654 (일원동),2176,2109,0,1,0,0,0,0,37.49247370000001,127.08567900000000
30,HD현대오일뱅크,㈜새서울석유 새서울주유소,서울,강남구,서울 강남구 압구정로 154,2188,1998,0,1,0,0,0,1,37.52583500000000,127.02654220000000
31,SK에너지,갤러리아주유소,서울,강남구,서울 강남구 압구정로 426,2257,2139,0,1,0,0,0,0,37.52678440000000,127.04353900000000
32,SK에너지,SK논현주유소,서울,강남구,서울 강남구 논현로 747 (논현동),2283,2135,0,1,0,1,0,1,37.51863680000000,127.02823800000000
33,HD현대오일뱅크,(주)제이제이네트웍스 제이제이주유소,서울,강남구,서울 강남구 언주로 716,2398,2197,0,1,0,0,0,1,37.51764720000000,127.03573490000000
34,GS칼텍스,(주)만정에너지 삼보주유소,서울,강남구,서울 강남구 봉은사로 433 (삼성동),2578,2540,0,1,0,0,0,0,37.51152070000000,127.04717160000000
35,HD현대오일뱅크,재건에너지 재정제2주유소 고속셀프지점,서울,강동구,서울특별시 강동구 천호대로 1246 (둔촌제2동),1579,1429,1,1,0,0,0,0,37.53651330000000,127.14935880000000
36,HD현대오일뱅크,구천면주유소,서울,강동구,서울 강동구 구천면로 357 (암사동),1584,1465,0,0,0,0,0,0,37.55045980000000,127.13823160000000
37,GS칼텍스,(주)삼표에너지 고덕주유소,서울,강동구,서울 강동구 고덕로 39 (암사동),1595,1475,1,1,0,0,1,0,37.55504900000000,127.12979290000000
38,GS칼텍스,(주)소모 신월주유소,서울,강동구,서울 강동구 양재대로 1323 (성내동),1616,1498,1,1,0,0,0,0,37.53049330000000,127.12899200000000
39,GS칼텍스,대성석유(주)길동주유소,서울,강동구,서울 강동구 천호대로 1168,1616,1498,0,1,0,0,0,0,37.53342290000000,127.14117250000000
40,SK에너지,명일주유소,서울,강동구,서울 강동구 고덕로 168 (명일동),1635,1515,1,0,0,0,0,0,37.55449560000000,127.14402370000000
41,GS칼텍스,지에스칼텍스㈜ 동서울주유소,서울,강동구,서울 강동구 천호대로 1456 (상일동),1656,1509,1,1,0,0,0,0,37.55110280000000,127.16964010000000
42,SK에너지,방아다리주유소,서울,강동구,서울 강동구 동남로 811 (명일동),1669,1519,1,1,0,0,0,0,37.54904450000000,127.15082290000000
43,GS칼텍스,(주)소모 성내주유소,서울,강동구,서울 강동구 올림픽로 578 (성내동),1670,1550,1,1,0,1,0,0,37.53137820000000,127.12732860000000
44,S-OIL,(주)퍼스트오일 코알라주유소,서울,강동구,서울특별시 강동구 올림픽로 556 (성내동),1670,1550,1,1,0,0,0,0,37.52938080000000,127.12244080000000
45,SK에너지,sk해뜨는주유소,서울,강동구,서울 강동구 상일로 132 (강일동),1685,1549,1,1,0,1,0,0,37.55450850000000,127.17241540000000
46,SK에너지,주)지유에너지직영 오렌지주유소,서울,강동구,서울 강동구 성안로 102 (성내동),1695,1564,0,1,0,1,0,0,37.53231400000000,127.13317810000000
47,HD현대오일뱅크,천호현대주유소,서울,강동구,서울 강동구 천중로 67 (천호동),1799,1697,0,1,0,1,0,0,37.54513310000000,127.12947300000000
48,S-OIL,광성주유소,서울,강동구,서울 강동구 올림픽로 673 (천호동),1898,1798,0,1,0,1,0,1,37.54161170000000,127.12417310000000
49,GS칼텍스,㈜지에스이앤알 미아주유소,서울,강북구,서울 강북구 도봉로 122 (미아동),1559,1379,1,1,0,0,0,0,37.61999640000000,127.02903040000000
50,S-OIL,덕릉로주유소,서울,강북구,서울 강북구 덕릉로 158 (번동),1559,1379,1,1,0,0,0,0,37.63497560000000,127.03131820000000
51,HD현대오일뱅크,(주)서울에너지 시민주유소,서울,강북구,서울 강북구 인수봉로 185 (수유동),1559,1379,1,0,0,0,0,0,37.63620220000000,127.01282200000000
52,SK에너지,SK에너지(주) 매일주유소,서울,강북구,서울 강북구 삼양로 217 (미아동),1559,1414,1,1,0,0,1,0,37.62279770000000,127.01913560000000
53,HD현대오일뱅크,(주)석산에너지,서울,강북구,서울 강북구 삼양로 316 (수유동),1559,1379,1,0,0,0,0,0,37.63163350000000,127.01793940000000
54,SK에너지,북서울고속주유소,서울,강북구,서울 강북구 삼양로 410 (수유동),1579,1399,1,0,0,0,0,1,37.64014480000000,127.01720500000000
55,GS칼텍스,수유동주유소,서울,강북구,서울 강북구 도봉로 395 (수유동),1579,1399,1,1,0,0,0,1,37.64215560000000,127.02958620000000
56,GS칼텍스,대성석유(주)신광주유소,서울,강북구,서울 강북구 삼양로 484,1579,1399,0,1,0,1,0,0,37.64640880000000,127.01532850000000
57,S-OIL,씨앤에스유통㈜ 미아셀프주유소,서울,강북구,서울 강북구 도봉로 200 (미아동),1585,1395,1,1,0,0,0,0,37.62652920000000,127.02650020000000
58,HD현대오일뱅크,HD현대오일뱅크㈜직영 번동셀프주유소,서울,강북구,서울 강북구 한천로 963 (번동),1587,1417,1,1,0,1,0,1,37.63558720000000,127.03304930000000
59,SK에너지,세원주유소,서울,강북구,서울 강북구 한천로 918 (번동),1598,1418,1,1,0,0,0,0,37.63425960000000,127.03773200000000
60,SK에너지,에덴주유소,서울,강북구,서울 강북구 월계로 195 (번동),1667,1497,1,1,0,1,0,0,37.62169580000000,127.04553440000000
61,알뜰주유소,목화주유소,서울,강서구,서울 강서구 국회대로 251 (화곡동),1578,1389,1,1,0,0,0,0,37.53004030000000,126.86298250000000
62,GS칼텍스,지에스칼텍스㈜ 경인고속주유소,서울,강서구,서울 강서구 국회대로 225 (화곡동),1579,1393,1,1,1,1,0,1,37.52962090000000,126.85979700000000
63,SK에너지,(주)타이거오일 방화주유소,서울,강서구,서울 강서구 방화동로 58-2 (방화동),1583,1393,1,0,0,0,0,0,37.56562740000000,126.81240820000000
64,알뜰주유소,유턴주유소,서울,강서구,서울 강서구 남부순환로 57,1584,1405,1,0,0,0,0,0,37.55049010000000,126.81645040000000
65,HD현대오일뱅크,행촌에너지 공항주유소,서울,강서구,서울 강서구 개화동로 420 (개화동),1585,1405,1,1,0,1,1,1,37.57461100000000,126.80230290000000
66,S-OIL,스카이주유소,서울,강서구,서울 강서구 개화동로 457 (방화동),1585,1405,1,0,0,0,1,1,37.57148580000000,126.80438060000000
67,SK에너지,강서오곡셀프주유소,서울,강서구,서울 강서구 벌말로 254 (오곡동),1585,1405,1,1,0,0,0,1,37.55396220000000,126.76842750000000
68,SK에너지,KH에너지(주)직영 KH외발산주유소,서울,강서구,서울 강서구 방화대로 30,1585,1405,1,1,1,1,1,0,37.54342080000000,126.81686300000000
69,HD현대오일뱅크,이케이에너지(주) 강서주유소,서울,강서구,서울 강서구 화곡로 273 (화곡동),1588,1398,1,1,0,1,0,0,37.54916300000000,126.84699640000000
70,알뜰주유소,뉴신정주유소,서울,강서구,서울 강서구 곰달래로 207 (화곡동),1588,1398,0,0,0,0,0,0,37.53157960000000,126.85605240000000
71,알뜰주유소,화곡역주유소,서울,강서구,서울 강서구 강서로 154 (화곡동),1588,1398,1,0,0,0,0,1,37.54071860000000,126.84153030000000
72,HD현대오일뱅크,현대오일뱅크 등촌주유소,서울,강서구,서울 강서구 등촌로 189 (등촌동),1596,1466,0,1,0,0,0,0,37.54680800000000,126.86255450000000
73,SK에너지,오션네트웍스(주) 서울식물원지점,서울,강서구,서울 강서구 양천로 300,1596,1448,1,0,0,0,0,0,37.57038720000000,126.83693060000000
74,GS칼텍스,강서열린주유소,서울,강서구,서울 강서구 등촌로 213 (등촌동),1598,1468,0,1,0,0,0,0,37.54871199999999,126.86306280000000
75,SK에너지,우장산주유소,서울,강서구,서울 강서구 강서로 292 (내발산동),1605,1478,1,0,0,0,0,0,37.55249440000000,126.83330610000000
76,SK에너지,화곡현대주유소,서울,강서구,서울 강서구 강서로 151 (화곡동),1606,1446,1,1,0,0,0,1,37.54026140000000,126.84119830000000
77,HD현대오일뱅크,HD현대오일뱅크㈜직영 양화교셀프주유소,서울,강서구,서울 강서구 공항대로 653,1609,1467,1,1,0,0,0,0,37.54733680000000,126.87747640000000
78,S-OIL,(주)한진 김포공항주유소,서울,강서구,서울 강서구 하늘길 259,1610,1440,1,1,0,0,0,0,37.55077630000000,126.81555490000000
79,GS칼텍스,대성석유(주) 관문주유소,서울,강서구,서울 강서구 공항대로 314,1616,1488,0,1,0,1,0,0,37.55772320000000,126.84252430000000
80,GS칼텍스,대성석유(주) 마곡대성주유소,서울,강서구,서울 강서구 강서로 457,1616,1478,1,0,0,0,0,0,37.56634850000000,126.84044660000000
81,GS칼텍스,대성석유(주)방화대성주유소,서울,강서구,서울 강서구 양천로 176,1616,1478,1,1,0,0,1,0,37.57288150000000,126.82348210000000
82,SK에너지,개화주유소,서울,강서구,서울 강서구 양천로 57,1617,1437,1,1,0,0,0,0,37.57350140000000,126.81009430000000
83,SK에너지,세원제1주유소,서울,강서구,서울 강서구 양천로 311 (가양동),1628,1478,1,1,0,1,0,0,37.56788020000000,126.85107870000000
84,S-OIL,신화곡주유소,서울,강서구,서울 강서구 국회대로 71,1635,1445,1,1,0,0,0,0,37.52725790000000,126.84288960000000
85,GS칼텍스,대성주유소,서울,강서구,서울 강서구 강서로 472,1638,1488,0,1,0,1,0,0,37.56750280000000,126.84141860000000
86,SK에너지,SK KH에너지 가양주유소,서울,강서구,서울 강서구 강서로 498 (가양동),1638,1488,0,1,0,1,1,1,37.56978230000000,126.84190220000000
87,HD현대오일뱅크,HD현대오일뱅크㈜직영 가양주유소,서울,강서구,서울 강서구 양천로 391 (가양동),1658,1528,0,1,0,0,0,0,37.56788020000000,126.85107870000000
88,S-OIL,(주)한진 김포공항제2주유소,서울,강서구,서울 강서구 하늘길 112,1669,1520,1,0,0,0,0,0,37.55675570000000,126.80847340000000
89,GS칼텍스,박물관주유소,서울,강서구,서울 강서구 양천로53길 97 (가양동),1688,1538,0,1,0,1,1,0,37.56578490000000,126.84512160000000
90,SK에너지,코리나(주)청룡주유소,서울,강서구,서울 강서구 양천로 576,1698,1528,0,1,0,0,0,0,37.55673250000000,126.86276500000000
91,S-OIL,하이웨이주유소,서울,강서구,서울특별시 강서구 공항대로 432(화곡동),1698,1529,1,1,0,0,1,1,37.55466770000000,126.85480530000000
92,S-OIL,참솔에너지,서울,강서구,서울 강서구 벌말로 281 (오곡동),1795,1653,1,1,0,0,0,0,37.55625190000000,126.76844910000000
93,SK에너지,염창동주유소,서울,강서구,서울 강서구 양천로 720 (염창동),1928,1768,0,1,0,0,0,0,37.54911130000000,126.87579060000000
94,알뜰주유소,(주)연우에너지 신관주유소,서울,관악구,서울 관악구 신림로 290 (신림동),1595,1415,1,1,0,0,0,0,37.48041300000000,126.93066650000000
95,HD현대오일뱅크,(주)엠오티이엔지 직영 삼화주유소,서울,관악구,서울 관악구 보라매로 41,1595,1415,0,0,0,0,0,0,37.49320180000000,126.92673660000000
96,SK에너지,대양석유(주)직영 보라매주유소,서울,관악구,서울 관악구 보라매로 26 (봉천동),1599,1419,1,1,0,0,0,0,37.49168740000000,126.92716030000000
97,GS칼텍스,서일석유(주)락성주유소,서울,관악구,서울 관악구 남부순환로 1920 (봉천동),1625,1515,1,1,0,1,0,1,37.47717919999999,126.96238830000000
98,SK에너지,SK에너지(주)직영 대공원주유소,서울,관악구,서울 관악구 과천대로 921 (남현동),1625,1505,0,1,0,1,1,0,37.47285560000000,126.98215150000000
99,HD현대오일뱅크,현대주유소,서울,관악구,서울 관악구 난곡로 108 (신림동),1629,1464,0,0,0,0,0,0,37.46498240000000,126.91967450000000
100,HD현대오일뱅크,HD현대오일뱅크㈜직영 문성골주유소,서울,관악구,서울 관악구 문성로 97 (신림동),1639,1464,0,1,0,0,0,0,37.47779410000000,126.91430220000000
101,HD현대오일뱅크,HD현대오일뱅크㈜직영 관악셀프주유소,서울,관악구,서울 관악구 남부순환로 1520 (신림동),1642,1469,1,0,0,0,0,0,37.48246190000000,126.91946710000000
102,SK에너지,SK에너지(주) 신봉천,서울,관악구,서울 관악구 남부순환로 1880 (봉천동),1645,1515,0,1,0,0,1,0,37.47875720000000,126.95834320000000
103,S-OIL,유림주유소,서울,관악구,서울 관악구 신림로 176 (신림동),1648,1488,0,1,0,1,0,1,37.47372470000000,126.93488000000000
104,SK에너지,(주)한유에너지행운셀프주유소,서울,관악구,서울 관악구 남부순환로 1883 (봉천동),1685,1565,1,1,0,0,0,0,37.47910830000000,126.95916970000000
105,S-OIL,관악시몬주유소,서울,관악구,서울특별시 관악구 남부순환로 1753 (봉천동),1696,1546,0,1,0,0,0,0,37.48235850000000,126.94510100000000
106,GS칼텍스,지에스칼텍스㈜ 난곡주유소,서울,관악구,서울 관악구 난곡로 206,1724,1539,0,0,0,0,0,0,37.47340980000000,126.91879310000000
107,GS칼텍스,CJ대한통운㈜ 신림주유소,서울,관악구,서울 관악구 남부순환로 1515 (신림동),1738,1588,0,1,0,0,0,0,37.48294960000000,126.91895530000000
108,HD현대오일뱅크,HD현대오일뱅크㈜직영 중곡현대주유소,서울,광진구,서울 광진구 동일로 435 (중곡동),1567,1398,1,1,0,0,0,0,37.56094119999999,127.09574580000000
109,HD현대오일뱅크,(주)창원CW,서울,광진구,서울 광진구 광나루로 460 (화양동),1585,1395,1,1,0,0,0,0,37.54510420000000,127.08049690000000
110,HD현대오일뱅크,HD현대오일뱅크㈜직영 능동주유소,서울,광진구,서울 광진구 천호대로 584 (능동),1585,1395,1,1,0,1,0,1,37.55555510000000,127.08245500000000
111,HD현대오일뱅크,HD현대오일뱅크㈜직영 중원셀프주유소,서울,광진구,서울 광진구 동일로 398 (중곡동),1587,1408,1,1,0,0,0,0,37.56354400000001,127.08883040000000
112,GS칼텍스,용마주유소,서울,광진구,서울 광진구 용마산로 68 (중곡동),1589,1399,0,0,0,0,0,0,37.55974870000000,127.08785530000000
113,S-OIL,대원주유소,서울,광진구,서울 광진구 용마산로 122 (중곡동),1589,1399,0,0,0,0,0,0,37.56454770000000,127.08699600000000
114,HD현대오일뱅크,태양주유소,서울,광진구,서울 광진구 동일로 345 (중곡동),1594,1394,0,0,0,0,0,1,37.56354400000001,127.08883040000000
115,S-OIL,정해네트웍스(주)일진주유소,서울,광진구,서울 광진구 동일로 413 (중곡동),1597,1427,1,1,0,0,0,1,37.56354400000001,127.08883040000000
116,SK에너지,(주)장수주유소,서울,광진구,서울 광진구 동일로 266 (군자동),1598,1398,1,0,0,1,0,1,37.55497210000000,127.07151970000000
117,HD현대오일뱅크,HD현대오일뱅크㈜직영 장호셀프주유소,서울,광진구,서울 광진구 자양로 37 (자양동),1599,1486,1,1,0,1,0,0,37.53127830000000,127.08583250000000
118,S-OIL,삼호주유소,서울,광진구,서울 광진구 천호대로 809 (광장동),1697,1497,1,1,0,0,0,1,37.54563560000000,127.10373410000000
119,SK에너지,유니스에너지 자양주유소,서울,광진구,서울 광진구 아차산로 298 (자양동),1698,1523,0,1,0,0,0,1,37.53169200000000,127.07451600000000
120,SK에너지,강평주유소,서울,광진구,서울 광진구 아차산로 616 (광장동),1757,1597,0,1,0,0,0,1,37.54761190000000,127.10720510000000
121,HD현대오일뱅크,신성주유소,서울,구로구,서울 구로구 구로동로 187 (구로제2동),1557,1367,1,1,0,0,0,0,37.49515880000000,126.88238860000000
122,GS칼텍스,(주)한미석유구로그린주유소,서울,구로구,서울 구로구 구로중앙로 76 (구로동),1558,1368,1,1,0,1,0,0,37.49630640000000,126.88844440000000
123,S-OIL,처음처럼주유소,서울,구로구,서울 구로구 오리로 1299 (궁동),1559,1379,0,0,0,0,0,0,37.50043890000000,126.82852960000000
124,SK에너지,SK구로주유소,서울,구로구,서울 구로구 구일로 94 (구로동),1572,1392,0,1,0,0,0,0,37.49360180000000,126.87218900000000
125,S-OIL,남선석유(주)풀페이주유소,서울,구로구,서울 구로구 경인로 41 (온수동),1585,1395,1,1,0,0,0,0,37.49032450000000,126.82560210000000
126,S-OIL,극동유화(주) 항동주유소,서울,구로구,서울 구로구 서해안로 2154 (항동),1585,1395,1,1,0,0,0,0,37.48343910000000,126.82782790000000
127,SK에너지,구인주유소,서울,구로구,서울 구로구 경인로 558 (구로동),1594,1414,0,1,0,1,1,0,37.50427790000000,126.88609440000000
128,SK에너지,서서울고속주유소,서울,구로구,서울 구로구 경인로 150 (오류동),1619,1429,1,1,0,0,0,1,37.49167509999999,126.84284180000000
129,GS칼텍스,대성산업(주)디큐브주유소,서울,구로구,서울 구로구 경인로 650 (신도림동),1619,1429,0,0,0,0,0,1,37.50788550000000,126.88708740000000
130,SK에너지,SK에너지(주)직영 개봉동주유소,서울,구로구,서울 구로구 경인로 290 (개봉동),1622,1474,0,1,0,0,0,0,37.48638990000000,126.85676750000000
131,HD현대오일뱅크,개봉주유소,서울,구로구,서울 구로구 고척로 115 (개봉동),1627,1447,1,1,0,0,0,0,37.50193720000001,126.84681750000000
132,HD현대오일뱅크,HD현대오일뱅크㈜직영 구로셀프주유소,서울,구로구,서울 구로구 시흥대로 531,1629,1469,1,1,0,1,0,1,37.48100270000000,126.89926620000000
133,HD현대오일뱅크,JHC에너지,서울,구로구,서울 구로구 시흥대로 539,1635,1455,0,0,0,1,0,0,37.48152660000000,126.89983750000000
134,HD현대오일뱅크,대원셀프주유소,서울,구로구,서울 구로구 개봉로 7,1637,1447,1,1,0,0,0,0,37.48616430000000,126.85615850000000
135,HD현대오일뱅크,HD현대오일뱅크㈜직영 신오류주유소,서울,구로구,서울 구로구 경인로 161 (오류동),1647,1439,0,1,0,1,0,0,37.49139810000000,126.83988580000000
136,HD현대오일뱅크,HD현대오일뱅크㈜직영 신구로주유소,서울,구로구,서울 구로구 가마산로 293 (구로동),1649,1519,0,1,0,0,0,0,37.49752230000000,126.89248410000000
137,S-OIL,영진주유소,서울,구로구,서울 구로구 구로동로 20 (가리봉동),1699,1499,0,0,0,0,0,0,37.48365120000000,126.88693130000000
138,S-OIL,근린공원주유소,서울,구로구,서울 구로구 고척로 199 (고척동),1717,1517,0,1,0,0,0,0,37.50512730000000,126.85544060000000
139,S-OIL,동아주유소,서울,구로구,서울 구로구 도림로 91 (구로동),1898,1598,0,0,0,0,1,0,37.49085090000000,126.89318780000000
140,GS칼텍스,구로주유소,서울,구로구,서울 구로구 구로동로 137 (구로동),2159,1998,0,0,0,0,0,0,37.49096000000000,126.88364800000000
141,S-OIL,구광주유소,서울,금천구,서울 금천구 서부샛길 674 (가산동),1585,1395,0,1,0,0,0,0,37.48203730000000,126.87517110000000
142,알뜰주유소,(주)백운주유소,서울,금천구,서울 금천구 시흥대로 282 (독산동),1595,1415,1,0,0,0,0,0,37.45887450000000,126.89934410000000
143,SK에너지,(주)화동유업 화동주유소,서울,금천구,서울 금천구 시흥대로 484,1614,1429,1,1,0,0,0,0,37.47679740000000,126.89915960000000
144,GS칼텍스,대득에너지(금천셀프주유소),서울,금천구,서울 금천구 시흥대로 81 (시흥동),1615,1445,1,1,0,0,1,1,37.44128050000000,126.90292460000000
145,SK에너지,SK에너지(주) 박미주유소,서울,금천구,서울 금천구 시흥대로 39-7 (시흥동),1615,1445,1,0,0,0,0,0,37.43719250000000,126.90243290000000
146,GS칼텍스,지에스칼텍스(주)일신주유소,서울,금천구,서울 금천구 시흥대로 118,1620,1435,1,1,0,0,0,0,37.44447390000000,126.90426570000000
147,HD현대오일뱅크,HD현대오일뱅크㈜직영 금천현대셀프주유소,서울,금천구,서울 금천구 독산로 147 (시흥동),1629,1449,1,1,0,0,0,0,37.46050600000000,126.90451620000000
148,HD현대오일뱅크,남서울경복에너지,서울,금천구,서울 금천구 독산로 257 (독산동),1635,1445,1,0,0,0,0,0,37.46983040000000,126.90237670000000
149,S-OIL,백산주유소,서울,금천구,서울특별시 금천구 시흥대로 174 (시흥동),1635,1445,1,1,0,1,0,0,37.44968560000000,126.90294960000000
150,HD현대오일뱅크,현대오일뱅크㈜직영 금천제일주유소,서울,금천구,서울 금천구 남부순환로 1410 (독산동),1647,1474,0,1,0,0,0,0,37.48020770000000,126.90748050000000
151,SK에너지,SK에너지(주) 이가주유소,서울,금천구,서울 금천구 시흥대로 441,1668,1494,0,1,0,1,0,0,37.47302890000000,126.89793410000000
152,GS칼텍스,월계주유소,서울,노원구,서울 노원구 월계로 252 (월계동),1549,1369,1,1,0,1,0,0,37.62477840000000,127.05076590000000
153,HD현대오일뱅크,(주)정건에너지직영,서울,노원구,서울 노원구 노원로17길 29 (하계동),1579,1389,1,1,0,0,0,0,37.64218800000000,127.07039430000000
154,HD현대오일뱅크,화랑대주유소,서울,노원구,서울 노원구 화랑로 483,1595,1395,1,1,0,0,0,0,37.61957719999999,127.08063050000000
155,SK에너지,삼육주유소,서울,노원구,서울 노원구 화랑로 822 (공릉동),1595,1395,1,1,0,0,0,0,37.63863790000000,127.10905970000000
156,S-OIL,한신주유소,서울,노원구,서울 노원구 동일로 1089 (공릉동),1595,1395,1,1,0,0,0,0,37.63047220000000,127.09099040000000
157,S-OIL,태릉솔밭주유소,서울,노원구,서울 노원구 노원로 49 (공릉동),1595,1425,1,1,0,0,0,1,37.62596520000000,127.08558970000000
158,GS칼텍스,이엠석유(주)배꽃나라주유소,서울,노원구,서울 노원구 화랑로 466 (공릉1동),1595,1395,1,1,0,1,0,0,37.62381370000000,127.07350970000000
159,GS칼텍스,성북역주유소,서울,노원구,서울 노원구 광운로 95 (월계동),1598,1428,0,1,0,0,0,0,37.62577100000000,127.05993650000000
160,S-OIL,남선석유(주)구도일주유소 불암,서울,노원구,서울 노원구 한글비석로 268 (중계동),1605,1425,1,1,0,0,0,0,37.65135130000000,127.07724010000000
161,S-OIL,신성주유소,서울,노원구,서울 노원구 월계로 328 (월계동),1618,1458,1,1,0,0,0,1,37.62877860000000,127.05733510000000
162,GS칼텍스,(주)소모 수락산셀프주유소,서울,노원구,서울 노원구 동일로 1772,1639,1479,1,0,0,0,0,0,37.68665930000000,127.05581800000000
163,GS칼텍스,노원주유소,서울,노원구,서울 노원구 동일로 1008 (공릉동),1658,1497,0,1,0,1,0,0,37.63047220000000,127.09099040000000
164,HD현대오일뱅크,상계동주유소,서울,노원구,서울 노원구 노원로26길 191 (상계동),1665,1495,0,0,0,1,0,0,37.65839380000000,127.07113750000000
165,SK에너지,SK에너지㈜직영 상계주유소,서울,노원구,서울 노원구 노해로 527 (상계동),1679,1495,0,1,0,0,0,0,37.65593910000000,127.06640630000000
166,GS칼텍스,하계삼호주유소,서울,노원구,서울 노원구 공릉로 294 (하계동),1745,1493,0,0,0,1,0,0,37.63361710000000,127.07228550000000
167,HD현대오일뱅크,이케이에너지 주식회사,서울,도봉구,서울 도봉구 도봉로 941 (도봉동),1531,1345,1,1,0,0,0,0,37.68843050000000,127.04533740000000
168,HD현대오일뱅크,(주)자연에너지 햇살주유소,서울,도봉구,서울 도봉구 방학로 142 (방학동),1559,1379,1,1,0,0,0,0,37.66300150000000,127.03633250000000
169,GS칼텍스,지에스칼텍스㈜ 방학동주유소,서울,도봉구,서울 도봉구 방학로 186,1559,1379,1,1,0,0,0,1,37.66241080000000,127.03147580000000
170,GS칼텍스,지에스칼텍스㈜ 도봉주유소,서울,도봉구,서울 도봉구 도봉로 895 (도봉동),1559,1379,1,1,1,1,0,1,37.68439150000000,127.04565690000000
171,HD현대오일뱅크,도봉제일주유소(주)송만에너지,서울,도봉구,서울 도봉구 도봉로 783 (도봉동),1559,1379,0,0,0,0,0,0,37.67446060000000,127.04412440000000
172,SK에너지,삼미북부셀프주유소,서울,도봉구,서울 도봉구 도봉로 437 (쌍문동),1579,1399,1,1,0,0,0,1,37.64982930000000,127.02001970000000
173,S-OIL,(주)헨지스에너지 구도일주유소 도봉,서울,도봉구,서울 도봉구 도봉로 706 (방학동),1579,1399,1,1,0,1,0,0,37.66686869999999,127.04353030000000
174,S-OIL,한이에너지(주) 쌍문주유소,서울,도봉구,서울 도봉구 도봉로 547 (쌍문동),1579,1399,1,1,0,1,0,1,37.65401629999999,127.03755580000000
175,S-OIL,극동유화(주) 대안주유소,서울,도봉구,서울 도봉구 마들로 574 (창동),1579,1399,1,1,0,1,0,0,37.66151550000000,127.04752470000000
176,S-OIL,구도일주유소 파크빌,서울,도봉구,서울 도봉구 해등로3길 86 (창동),1587,1397,1,0,0,0,0,0,37.64679900000000,127.03945780000000
177,SK에너지,동일석유(주) 창동주유소,서울,도봉구,서울 도봉구 도봉로 434 (창동),1597,1407,1,1,0,1,0,0,37.64460740000000,127.03274860000000
178,HD현대오일뱅크,노원교주유소,서울,도봉구,서울 도봉구 마들로 776 (도봉동),1625,1433,1,1,0,0,0,0,37.67898300000000,127.04972240000000
179,GS칼텍스,대성산업(주)신창주유소,서울,도봉구,서울 도봉구 덕릉로 267 (창동),1629,1439,1,1,0,1,0,1,37.64133540000000,127.04023600000000
180,S-OIL,오복주유소,서울,도봉구,서울 도봉구 방학로 43,1654,1496,1,1,0,0,0,1,37.66234100000000,127.04745420000000
181,HD현대오일뱅크,(주)쌍문셀프주유소,서울,도봉구,서울 도봉구 노해로 161 (쌍문동),1665,1485,1,1,0,0,0,0,37.64902400000000,127.02688000000000
182,HD현대오일뱅크,HD현대오일뱅크㈜직영 영신주유소,서울,도봉구,서울 도봉구 방학로 151,1667,1477,0,1,0,0,0,0,37.66237960000000,127.03544810000000
183,HD현대오일뱅크,(주)자연에너지 국민주유소,서울,동대문구,서울 동대문구 답십리로 223 (답십리동),1579,1399,1,0,0,0,0,0,37.57296500000000,127.06503700000000
184,HD현대오일뱅크,재정주유소,서울,동대문구,서울 동대문구 전농로 121 (전농동),1579,1399,1,1,0,0,0,0,37.57570380000000,127.05743940000000
185,HD현대오일뱅크,재정제2주유소,서울,동대문구,서울 동대문구 사가정로 90 (전농동),1579,1399,1,1,0,0,0,0,37.57586980000000,127.05564930000000
186,SK에너지,풍한주유소,서울,동대문구,서울 동대문구 안암로 168,1585,1395,0,1,0,0,0,1,37.58925310000000,127.03601220000000
187,S-OIL,열린주유소,서울,동대문구,서울 동대문구 한천로 263 (휘경동),1587,1399,0,0,0,0,0,0,37.58820470000000,127.06451520000000
188,SK에너지,삼영주유소,서울,동대문구,서울 동대문구 답십리로 258 (장안동),1598,1398,0,1,0,0,0,0,37.57230640000000,127.06882240000000
189,S-OIL,(주)경동주유소,서울,동대문구,서울 동대문구 이문로 191 (이문동),1615,1415,1,1,0,0,0,0,37.60359600000000,127.06178550000000
190,SK에너지,동서울고속주유소,서울,동대문구,서울 동대문구 한천로 414,1619,1419,1,0,0,0,0,1,37.59754190000000,127.06803310000000
191,GS칼텍스,(주)파랑에너지,서울,동대문구,서울 동대문구 망우로 126,1625,1425,1,1,0,0,0,0,37.59123120000000,127.06705400000000
192,GS칼텍스,대성산업㈜청량리주유소,서울,동대문구,서울 동대문구 왕산로 289 (청량리동),1629,1429,1,1,1,0,0,1,37.58141770000000,127.04507240000000
193,SK에너지,(주)안국에너지 삼원셀프주유소,서울,동대문구,서울 동대문구 망우로 90 (휘경동),1638,1448,1,1,0,0,0,0,37.59018270000000,127.06326630000000
194,GS칼텍스,대성산업(주)동마장주유소,서울,동대문구,서울 동대문구 고산자로 405 (용두동),1639,1439,1,1,0,1,0,1,37.57569160000000,127.03775030000000
195,HD현대오일뱅크,한영주유소 (한화),서울,동대문구,서울 동대문구 망우로 38 (휘경동),1639,1429,0,0,0,0,0,0,37.58846580000000,127.05762470000000
196,S-OIL,홍능주유소,서울,동대문구,서울 동대문구 홍릉로 87 (청량리동),1647,1447,0,1,0,0,0,0,37.58793800000000,127.04266120000000
197,HD현대오일뱅크,HD현대오일뱅크㈜직영 스피드주유소,서울,동대문구,서울 동대문구 천호대로 453 (장안동),1649,1488,0,1,0,0,0,1,37.56320590000000,127.06963160000000
198,SK에너지,삼미상사(주)장안킹셀프주유소,서울,동대문구,서울 동대문구 한천로 100 (장안동),1658,1498,1,1,0,0,0,0,37.57903520000000,127.06964520000000
199,S-OIL,오동나무주유소,서울,동대문구,서울 동대문구 한천로 81 (답십리동),1668,1478,0,0,0,0,0,0,37.57101950000001,127.05669920000000
200,HD현대오일뱅크,배봉로주유소,서울,동대문구,서울 동대문구 서울시립대로 108,1675,1475,1,1,0,0,0,0,37.58001510000000,127.05104960000000
201,GS칼텍스,지에스칼텍스(주) 대방주유소,서울,동작구,서울 동작구 여의대방로 214,1585,1422,0,0,0,0,0,0,37.50582760000000,126.92295970000000
202,HD현대오일뱅크,창원이엔지주유소,서울,동작구,서울 동작구 사당로 59 (상도동),1589,1439,1,1,0,0,0,0,37.49486740000000,126.96133870000000
203,HD현대오일뱅크,HD현대오일뱅크㈜직영 사당셀프주유소,서울,동작구,서울 동작구 동작대로 73 (사당동),1629,1544,1,1,0,0,0,1,37.48310820000000,126.98153970000000
204,GS칼텍스,지에스칼텍스㈜직영 남성주유소,서울,동작구,서울 동작구 동작대로 135 (사당동),1634,1524,1,0,0,0,0,1,37.48868150000000,126.98196610000000
205,S-OIL,매일주유소,서울,동작구,서울 동작구 상도로 139 (상도동),1639,1559,1,1,0,0,0,0,37.50273480000000,126.93508380000000
206,HD현대오일뱅크,HD현대오일뱅크㈜직영 신대방셀프주유소,서울,동작구,서울 동작구 시흥대로 616 (신대방동),1642,1479,1,1,0,1,0,1,37.48712039999999,126.90564440000000
207,HD현대오일뱅크,HD현대오일뱅크㈜직영 흑석동셀프주유소,서울,동작구,서울 동작구 현충로 101 (흑석동),1649,1559,1,1,0,0,0,1,37.50801320000000,126.96526930000000
208,HD현대오일뱅크,HD현대오일뱅크㈜직영 동작주유소,서울,동작구,서울 동작구 상도로 403 (상도동),1659,1569,0,1,0,0,0,0,37.49347390000000,126.95652210000000
209,SK에너지,살피재주유소,서울,동작구,서울 동작구 상도로 334,1785,1655,0,0,0,0,0,0,37.49839470000000,126.95140550000000
210,HD현대오일뱅크,청원주유소,서울,마포구,서울 마포구 월드컵북로 113 (성산동),1597,1437,1,1,0,0,0,0,37.56280180000000,126.91508320000000
211,SK에너지,성산주유소,서울,마포구,서울 마포구 월드컵북로 170 (성산제2동),1597,1437,0,0,0,0,0,0,37.56861210000000,126.90312180000000
212,HD현대오일뱅크,성산대교셀프주유소,서울,마포구,서울 마포구 성산로 144,1597,1437,1,1,0,1,0,0,37.56429850000000,126.90934740000000
213,SK에너지,마포시엠주유소,서울,마포구,서울 마포구 월드컵북로 62,1597,1427,0,0,0,0,0,0,37.55972590000000,126.91712900000000
214,S-OIL,에쓰오일(주) 염리동주유소,서울,마포구,서울 마포구 백범로 126 (염리동),1619,1485,1,1,0,0,0,0,37.54628630000000,126.94481370000000
215,S-OIL,용강주유소,서울,마포구,서울 마포구 토정로 258,1619,1485,0,0,0,0,0,0,37.54301600000000,126.93881280000000
216,SK에너지,(주)만성상사 대흥주유소,서울,마포구,서울 마포구 대흥로 61 (대흥동),1639,1505,0,1,0,0,0,1,37.54595480000000,126.93989910000000
217,HD현대오일뱅크,에스에스오토셀프,서울,마포구,서울 마포구 서강로 76 (창전동),1649,1505,1,1,0,0,0,1,37.54983370000000,126.93257240000000
218,SK에너지,(주)안국에너지 망원동주유소,서울,마포구,서울 마포구 월드컵로 119 (망원동),1688,1498,0,1,0,0,0,0,37.55878200000000,126.90725260000000
219,SK에너지,SK에너지 양지주유소,서울,마포구,서울 마포구 마포대로 69 (도화동),1719,1634,0,0,0,0,1,1,37.53770020000000,126.94640300000000
220,SK에너지,SK에너지(주) 안국주유소,서울,마포구,서울 마포구 양화로 33,1739,1634,0,0,0,0,0,1,37.54930640000000,126.91262170000000
221,HD현대오일뱅크,(주)창원이엔지 홍제지점,서울,서대문구,서울 서대문구 통일로 455 (홍제동),1569,1419,0,0,0,0,0,0,37.58916320000000,126.94959840000000
222,GS칼텍스,지에스칼텍스(주)홍제동주유소,서울,서대문구,서울 서대문구 통일로 372,1569,1454,1,1,0,0,0,0,37.58354950000000,126.95013180000000
223,HD현대오일뱅크,(주)가재울뉴타운주유소,서울,서대문구,서울 서대문구 모래내로 205,1582,1434,1,0,0,0,1,1,37.57326730000000,126.92243180000000
224,S-OIL,구도일주유소 두꺼비,서울,서대문구,서울 서대문구 성산로 312,1582,1435,1,1,0,1,0,0,37.56604510000000,126.92490550000000
225,S-OIL,(주)미래아스팔트 신우주유소,서울,서대문구,서울 서대문구 가좌로 106(홍은동),1588,1434,1,1,0,1,0,0,37.58226560000000,126.92660010000000
226,GS칼텍스,남정주유소,서울,서대문구,서울 서대문구 모래내로 243 (남가좌동),1588,1447,0,0,0,0,0,0,37.57562180000000,126.91944170000000
227,HD현대오일뱅크,HD현대오일뱅크㈜직영 연세주유소,서울,서대문구,서울 서대문구 연희로 184,1589,1469,1,1,0,0,0,0,37.57346110000000,126.93591900000000
228,HD현대오일뱅크,HD현대오일뱅크㈜직영 독립문주유소,서울,서대문구,서울 서대문구 통일로 384 (홍제동),1589,1479,0,1,0,0,1,0,37.59317619999999,126.94673130000000
229,SK에너지,행촌제2주유소,서울,서대문구,서울 서대문구 성산로 490 (대신동),1625,1445,1,1,0,0,1,1,37.56421990000000,126.94430960000000
230,SK에너지,삼미상사(주)서부주유소,서울,서대문구,서울 서대문구 성산로 255,1627,1464,1,1,0,1,1,0,37.56758950000000,126.91884730000000
231,S-OIL,㈜우남에너지 문화사랑주유소,서울,서대문구,서울 서대문구 세검정로 87 (홍제동),1629,1499,1,1,0,0,0,0,37.59551500000000,126.94855110000000
232,SK에너지,중앙에너비스 동교지점,서울,서대문구,서울 서대문구 연희로 12 (창천동),1635,1465,1,0,0,0,1,0,37.55870150000000,126.93421390000000
233,SK에너지,광호주유소,서울,서대문구,서울 서대문구 연희로 266 (홍은동),1638,1478,0,1,0,0,0,0,37.58068540000000,126.93646340000000
234,SK에너지,연희주유소,서울,서대문구,서울 서대문구 연희로 129 (연희동 89-7번지),1638,1478,0,1,0,0,1,0,37.56928600000000,126.93253130000000
235,SK에너지,(주)안국에너지 삼보셀프주유소,서울,서대문구,서울 서대문구 연희로 78 (연희동),1638,1458,1,1,0,1,0,0,37.56500070000000,126.92993050000000
236,알뜰(ex),만남의광장주유소,서울,서초구,서울 서초구 양재대로12길 73-71,1528,1347,1,0,1,0,1,1,37.46008370000000,127.04216860000000
237,S-OIL,양재최고주유소,서울,서초구,서울 서초구 매헌로 72 (양재동),1585,1425,0,1,0,0,0,0,37.46715770000000,127.03471500000000
238,S-OIL,서초하이웨이 주유소,서울,서초구,서울 서초구 양재대로2길 100-30,1597,1457,1,1,0,0,0,1,37.45729520000000,127.01621410000000
239,S-OIL,헌릉로주유소,서울,서초구,서울 서초구 헌릉로 177 (내곡동),1615,1525,1,0,0,0,0,0,37.45737050000000,127.06026320000000
240,SK에너지,태봉셀프주유소,서울,서초구,서울 서초구 태봉로 117 (우면동),1615,1497,1,1,0,1,0,0,37.46827570000000,127.02817700000000
241,SK에너지,(주)대농석유 남태령주유소,서울,서초구,서울 서초구 과천대로 838 (방배동),1615,1465,1,1,0,0,0,0,37.46689580000000,126.98783190000000
242,GS칼텍스,(주)한미석유 서초주유소,서울,서초구,서울 서초구 반포대로 64 (서초동),1615,1515,1,0,0,0,0,0,37.48619559999999,127.01078250000000
243,S-OIL,극동유화(주) 전당앞주유소,서울,서초구,서울 서초구 남부순환로 2391 (서초동),1615,1515,1,1,1,1,0,0,37.48055430000000,127.01182090000000
244,SK에너지,신반포주유소,서울,서초구,서울 서초구 사평대로 94 (반포동),1616,1526,1,1,0,0,0,1,37.49839500000000,126.99480730000000
245,GS칼텍스,한독주유소,서울,서초구,서울 서초구 방배로 218 (방배동),1616,1526,1,0,0,0,0,0,37.49270830000000,126.99084820000000
246,S-OIL,에쓰오일(주)직영 오토테크주유소,서울,서초구,서울특별시 서초구 효령로 356 (서초동),1619,1519,1,1,0,1,0,0,37.48648080000000,127.02285910000000
247,HD현대오일뱅크,HD현대오일뱅크㈜직영 사평로주유소,서울,서초구,서울 서초구 사평대로 350 (서초동),1623,1537,0,1,0,0,0,0,37.50330260000000,127.02152110000000
248,GS칼텍스,서초꽃마을주유소,서울,서초구,서울 서초구 반포대로 69 (서초동),1625,1525,1,0,0,0,0,0,37.48640340000000,127.00992970000000
249,GS칼텍스,대성석유(주)연일주유소,서울,서초구,서울 서초구 남부순환로 2451,1626,1529,0,1,0,0,1,0,37.48258680000000,127.01851280000000
250,GS칼텍스,에너지플러스허브 삼방주유소,서울,서초구,서울 서초구 사평대로 364 (서초동),1628,1574,1,1,0,0,0,1,37.50371230000000,127.02309580000000
251,GS칼텍스,반포그린주유소,서울,서초구,서울 서초구 서초중앙로 239 (반포동),1628,1574,1,1,0,0,0,0,37.50323250000000,127.01085590000000
252,GS칼텍스,지에스칼텍스(주)선천주유소,서울,서초구,서울 서초구 동작대로 206 (방배동),1634,1523,0,1,0,0,0,0,37.49494250000000,126.98320560000000
253,HD현대오일뱅크,HD현대오일뱅크㈜직영 팔레스주유소,서울,서초구,서울 서초구 사평대로 136 (반포동),1637,1547,0,0,0,0,0,1,37.50013939999999,126.99918330000000
254,HD현대오일뱅크,HD현대오일뱅크㈜직영 양재현대주유소,서울,서초구,서울 서초구 마방로 6,1639,1569,0,1,0,0,0,0,37.47357210000000,127.03970390000000
255,SK에너지,양재주유소,서울,서초구,서울 서초구 바우뫼로 178,1644,1569,0,1,0,0,0,1,37.47808850000001,127.03959220000000
256,GS칼텍스,지에스칼텍스(주)남서울주유소,서울,서초구,서울 서초구 나루터로 83 (잠원동),1644,1604,0,1,0,0,1,1,37.51615670000000,127.01891450000000
257,GS칼텍스,대성산업(주)직영 강남주유소,서울,서초구,서울 서초구 반포대로 284 (반포동),1665,1565,1,0,0,0,0,0,37.50462150000000,127.00179780000000
258,GS칼텍스,말죽거리주유소,서울,서초구,서울 서초구 남부순환로 2650 (양재동),1666,1566,0,0,0,0,0,0,37.48519730000000,127.04067400000000
259,HD현대오일뱅크,HD현대오일뱅크㈜직영 서초제일주유소,서울,서초구,서울 서초구 사임당로 116 (서초동),1669,1604,0,1,0,0,0,0,37.49055730000000,127.02260520000000
260,HD현대오일뱅크,HD현대오일뱅크㈜직영 방배현대주유소,서울,서초구,서울 서초구 동작대로 182 (방배동),1669,1563,0,1,0,1,0,0,37.49285470000000,126.98318290000000
261,SK에너지,대신석유(주)대우주유소,서울,서초구,서울 서초구 양재대로 173 (양재동),1679,1517,1,1,0,0,1,1,37.46283090000000,127.03755760000000
262,GS칼텍스,대성산업(주)직영 터미널(고속)주유소,서울,서초구,서울 서초구 신반포로 222 (반포동),1699,1589,0,1,0,0,0,1,37.50676880000000,127.00882140000000
263,SK에너지,방배동주유소,서울,서초구,서울 서초구 효령로 29 (방배동),1793,1696,0,1,0,0,0,0,37.47810260000000,126.98776810000000
264,SK에너지,대신석유㈜서원주유소,서울,서초구,서울 서초구 반포대로 142 (서초동),1958,1858,0,1,0,0,0,0,37.49280160000000,127.00758730000000
265,S-OIL,(주)선문에너지 중앙주유소,서울,서초구,서울특별시 서초구 바우뫼로 219 (양재1동),1989,1958,0,1,0,0,0,0,37.48155140000000,127.04223430000000
266,S-OIL,(주)서울에너지 직영,서울,성동구,서울 성동구 천호대로 324 (용답동),1585,1395,1,1,0,0,0,1,37.56426070000001,127.05568500000000
267,자가상표,정호주유소,서울,성동구,서울 성동구 고산자로 307 (마장동),1595,1414,0,0,0,0,0,0,37.56695520000000,127.03643320000000
268,GS칼텍스,지에스칼텍스㈜ 도루코주유소,서울,성동구,서울 성동구 아차산로 180,1599,1429,1,1,0,1,0,1,37.54205250000000,127.06343010000000
269,HD현대오일뱅크,KLP제2주유소,서울,성동구,서울 성동구 동일로 249 (송정동),1599,1429,1,0,0,0,0,0,37.55399750000000,127.07038980000000
270,HD현대오일뱅크,HD현대오일뱅크㈜직영 성동셀프주유소,서울,성동구,서울 성동구 마장로 311 (마장동),1605,1425,1,1,0,0,0,0,37.56701440000000,127.04372720000000
271,S-OIL,아이콘주유소,서울,성동구,서울 성동구 고산자로 273 (도선동),1618,1438,1,1,0,0,0,1,37.56338320000000,127.03293880000000
272,HD현대오일뱅크,HD현대오일뱅크㈜직영 효진주유소,서울,성동구,서울 성동구 동일로 129,1627,1479,0,1,0,0,0,0,37.54407130000001,127.06471010000000
273,SK에너지,SK에너지(주) 군자동주유소,서울,성동구,서울 성동구 천호대로 446 (용답동),1655,1485,0,1,0,0,0,1,37.56055500000001,127.06834330000000
274,SK에너지,삼우주유소,서울,성동구,서울 성동구 천호대로 392,1693,1500,0,1,0,0,0,0,37.56143030000000,127.06232720000000
275,SK에너지,SK KH에너지 성수만세주유소,서울,성동구,서울 성동구 왕십리로 109,1718,1618,1,1,0,1,1,0,37.54753460000000,127.04425570000000
276,SK에너지,SK에너지(주) 성수주유소,서울,성동구,서울 성동구 뚝섬로 352 (성수동1가),1734,1634,0,1,0,0,0,0,37.53996340000000,127.04993800000000
277,SK에너지,SK세원2주유소,서울,성동구,서울 성동구 광나루로 184 (성수동1가),1750,1625,0,1,0,1,0,0,37.55090950000000,127.05050020000000
278,GS칼텍스,금호주유소,서울,성동구,서울 성동구 금호로 39 (금호동4가),1893,1695,0,0,0,0,0,0,37.54708660000000,127.02505710000000
279,HD현대오일뱅크,동일주유소,서울,성동구,서울 성동구 광나루로 254 (성수동2가),1933,1743,0,1,0,0,0,0,37.54845400000000,127.05784680000000
280,SK에너지,청계로주유소,서울,성동구,서울 성동구 청계천로 454 (하왕십리동),1998,1897,0,1,0,0,0,0,37.57009730000000,127.02740440000000
281,GS칼텍스,(주)옥수하이웨이스테이션,서울,성동구,서울 성동구 독서당로 168 (옥수동),2170,1935,0,0,0,0,0,0,37.54102370000000,127.01136820000000
282,GS칼텍스,(주)삼표에너지 정릉주유소,서울,성북구,서울 성북구 보국문로 35 (정릉동),1559,1379,1,1,0,1,0,0,37.60764260000000,127.00994870000000
283,HD현대오일뱅크,이케이에너지(주) 강산제2주유소,서울,성북구,서울 성북구 보국문로 52,1559,1379,1,1,0,0,0,0,37.60918500000000,127.01003140000000
284,HD현대오일뱅크,장삼 쌍둥이 주유소,서울,성북구,서울 성북구 한천로 612 (장위동),1565,1375,1,1,0,0,1,0,37.61360430000000,127.06029930000000
285,GS칼텍스,지에스칼텍스(주) 종암주유소,서울,성북구,서울 성북구 종암로 145 (종암동),1570,1390,1,1,0,0,0,1,37.60276360000000,127.03206340000000
286,알뜰주유소,원천주유소,서울,성북구,서울 성북구 돌곶이로 142 (장위동),1578,1393,0,0,0,0,0,0,37.61489500000000,127.05273170000000
287,GS칼텍스,이케이에너지㈜ 강산주유소,서울,성북구,서울 성북구 보문로 27 (보문동7가),1579,1399,1,1,0,0,0,1,37.57977890000000,127.02236270000000
288,HD현대오일뱅크,(주)성북주유소,서울,성북구,서울 성북구 보문로 142,1579,1399,1,1,0,0,0,0,37.58757749999999,127.01844700000000
289,SK에너지,SK에너지(주) 드림랜드주유소,서울,성북구,서울 성북구 월계로 128 (장위동),1584,1424,0,0,0,0,0,0,37.61658170000000,127.04144520000000
290,SK에너지,우리주유소,서울,성북구,서울 성북구 화랑로 292,1584,1395,1,1,0,1,0,1,37.61261180000000,127.06142480000000
291,GS칼텍스,지에스칼텍스㈜ 화랑주유소,서울,성북구,서울 성북구 화랑로 185,1584,1468,0,0,0,0,0,0,37.60786909999999,127.05082100000000
292,HD현대오일뱅크,HD현대오일뱅크㈜직영 고대셀프주유소,서울,성북구,서울 성북구 종암로 12 (종암동),1585,1415,1,1,0,0,0,0,37.59165210000000,127.03667170000000
293,HD현대오일뱅크,HD현대오일뱅크㈜직영 북악셀프주유소,서울,성북구,서울 성북구 정릉로 218 (정릉동),1589,1405,1,1,0,0,0,0,37.60550010000000,127.00858180000000
294,HD현대오일뱅크,재정제2주유소 길음지점,서울,성북구,서울 성북구 삼양로 78 (길음동),1589,1409,0,0,0,0,0,0,37.61028320000000,127.02274430000000
295,GS칼텍스,㈜명연에너지 효성주유소,서울,성북구,서울 성북구 화랑로 27,1595,1485,1,1,0,1,0,1,37.60312810000000,127.03517260000000
296,SK에너지,중앙에너비스 종암지점,서울,성북구,서울 성북구 종암로 58,1595,1395,1,1,0,0,0,1,37.59560860000000,127.03604730000000
297,GS칼텍스,지에스칼텍스㈜ 세창주유소,서울,성북구,서울 성북구 동소문로 323,1604,1473,1,0,0,0,0,0,37.60878020000000,127.02950060000000
298,S-OIL,장위주유소,서울,성북구,서울 성북구 화랑로 110 (하월곡동),1605,1415,1,1,0,0,0,1,37.60464510000000,127.03939120000000
299,S-OIL,동일주유소,서울,성북구,서울특별시 성북구 보문로 85 (보문동5가),1605,1495,1,1,0,0,0,1,37.58270419999999,127.01919180000000
300,S-OIL,(주)신용 구도일주유소화랑로,서울,성북구,서울 성북구 화랑로 174,1613,1423,1,1,0,1,0,0,37.60686780000000,127.05006410000000
301,HD현대오일뱅크,HD현대오일뱅크㈜직영 아리랑주유소,서울,성북구,서울 성북구 아리랑로 96 (정릉동),1627,1495,0,1,0,0,0,0,37.60048800000000,127.01426640000000
302,S-OIL,신방주유소,서울,성북구,서울 성북구 안암로 111 (안암동5가),1649,1469,0,0,0,0,0,0,37.58555610000000,127.03184600000000
303,S-OIL,삼선주유소,서울,성북구,서울 성북구 창경궁로 324,1695,1455,1,1,0,0,0,0,37.58798880000000,127.00557400000000
304,GS칼텍스,지에스칼텍스(주)스마트위례주유소,서울,송파구,서울 송파구 위례중앙로 43 (장지동),1563,1454,1,1,0,0,0,0,37.47541610000000,127.13215450000000
305,GS칼텍스,지에스칼텍스(주)가든파이브주유소,서울,송파구,서울 송파구 탄천동로 740,1563,1454,1,1,0,0,1,1,37.49729620000000,127.08924730000000
306,S-OIL,위례드림주유소,서울,송파구,서울시 송파구 위례중앙로 10,1563,1454,1,1,0,0,0,1,37.47542740000000,127.12847070000000
307,SK에너지,남성대주유소,서울,송파구,서울 송파구 송파대로 52 (장지동),1563,1454,1,1,0,1,0,1,37.47538410000000,127.12758550000000
308,S-OIL,위례제일주유소,서울,송파구,서울 송파구 위례서로 260,1563,1454,1,1,0,0,0,0,37.48781530000000,127.14269530000000
309,GS칼텍스,삼화주유소,서울,송파구,서울 송파구 백제고분로 125,1567,1457,1,0,0,0,0,1,37.50658820000000,127.08100650000000
310,HD현대오일뱅크,HD현대오일뱅크㈜직영 잠실셀프주유소,서울,송파구,서울 송파구 송파대로 397 (석촌동),1567,1467,1,0,0,0,0,1,37.50272770000000,127.10896700000000
311,S-OIL,(주)잠실에너지,서울,송파구,서울 송파구 송파대로 442 (송파동),1567,1457,1,1,0,1,0,1,37.50510720000000,127.11354690000000
312,GS칼텍스,(주)삼표에너지 아시아주유소,서울,송파구,서울 송파구 도곡로 438 (잠실동),1567,1457,1,1,0,0,0,0,37.50459580000000,127.07736930000000
313,SK에너지,한강에너지(주)퍼스트주유소,서울,송파구,서울 송파구 삼학사로 22 (석촌동),1567,1435,1,1,0,1,0,0,37.49931440000000,127.09706620000000
314,S-OIL,상아주유소,서울,송파구,서울 송파구 거마로 82,1573,1464,1,1,0,0,0,0,37.50020200000000,127.14787030000000
315,GS칼텍스,(주)삼표에너지 우리주유소,서울,송파구,서울 송파구 동남로 153,1573,1464,1,1,0,0,0,0,37.49238570000001,127.12735830000000
316,HD현대오일뱅크,지에스이앤알 직영 송파제일주유소,서울,송파구,서울 송파구 삼학사로 50 (석촌동),1575,1455,1,1,0,1,0,1,37.50167130000000,127.09733360000000
317,GS칼텍스,(주)삼표에너지 훼미리주유소,서울,송파구,서울 송파구 중대로 58 (문정동),1579,1475,0,1,0,0,0,0,37.49123530000000,127.11535330000000
318,SK에너지,대성주유소,서울,송파구,서울 송파구 마천로 230 (마천동),1588,1458,0,1,0,0,0,0,37.50005400000000,127.14314730000000
319,SK에너지,(주)유진주유소,서울,송파구,서울 송파구 동남로 325 (오금동),1596,1464,0,1,0,0,0,0,37.50457780000000,127.13843850000000
320,SK에너지,(주)신화에너지 서울지점,서울,송파구,서울 송파구 가락로 47 (석촌동),1596,1479,1,1,0,1,0,1,37.49949020000000,127.10174190000000
321,HD현대오일뱅크,(주)정직한주유소,서울,송파구,서울 송파구 오금로 455 (거여동),1597,1487,1,1,0,0,0,0,37.48972790000000,127.14499120000000
322,HD현대오일뱅크,제트라인DM주유소,서울,송파구,서울 송파구 중대로 183 (가락동),1599,1478,0,0,0,1,0,0,37.49850470000000,127.12543100000000
323,SK에너지,완불주유소,서울,송파구,서울 송파구 송파대로 3 (장지동),1609,1483,1,1,0,0,0,1,37.47110970000000,127.12617080000000
324,GS칼텍스,대성석유(주)석촌주유소,서울,송파구,서울 송파구 백제고분로 289,1617,1497,0,0,0,1,0,0,37.50282420000000,127.09857250000000
325,SK에너지,백제고분로주유소,서울,송파구,서울 송파구 오금로 143 (방이동),1624,1489,1,1,0,1,1,1,37.51223260000000,127.11687660000000
326,SK에너지,방이주유소,서울,송파구,서울 송파구 위례성대로12길 38 (방이동),1624,1489,0,1,0,1,0,0,37.51067440000000,127.12082230000000
327,GS칼텍스,송파주유소,서울,송파구,서울 송파구 송이로 28 (송파동),1625,1495,1,0,0,1,0,0,37.50884940000000,127.10640090000000
328,S-OIL,(주)퍼스트오일서울주유소,서울,송파구,서울 송파구 문정로 153,1630,1490,0,0,0,0,0,0,37.49321320000000,127.13638400000000
329,HD현대오일뱅크,HD현대오일뱅크㈜직영 올림픽셀프주유소,서울,송파구,서울 송파구 위례성대로 188 (오금동),1646,1557,1,1,0,1,1,1,37.50982500000000,127.13160700000000
330,HD현대오일뱅크,(주)뉴명성산업 남성주유소,서울,송파구,서울 송파구 백제고분로 474 (방이동),1697,1597,0,1,0,0,0,0,37.51259170000000,127.11397090000000
331,SK에너지,대신석유(주)진양주유소,서울,송파구,서울 송파구 올림픽로 499 (풍납동),1858,1758,0,1,0,0,0,0,37.53366830000000,127.12061780000000
332,GS칼텍스,지에스칼텍스㈜ 건지주유소,서울,양천구,서울 양천구 안양천로 1171 (목동),1559,1407,1,1,0,0,0,0,37.54532430000000,126.88211120000000
333,GS칼텍스,플라트(주)서호주유소,서울,양천구,서울 양천구 남부순환로 317,1569,1379,1,1,0,1,0,0,37.53866090000000,126.82683670000000
334,S-OIL,현대주유소,서울,양천구,서울 양천구 남부순환로 372 (신월동),1569,1379,1,1,0,0,0,0,37.53387270000000,126.82926250000000
335,SK에너지,(주)타이거오일 신정주유소,서울,양천구,서울 양천구 중앙로 226 (신정동),1569,1394,1,0,0,0,0,0,37.51680160000000,126.85466390000000
336,GS칼텍스,지에스이앤알 직영 서울주유소,서울,양천구,서울 양천구 신정로 236 (신정동),1575,1399,1,1,0,0,0,0,37.51056100000000,126.84769710000000
337,SK에너지,가로공원주유소,서울,양천구,서울 양천구 가로공원로 165 (신월동),1578,1389,0,1,0,0,0,1,37.53701570000000,126.83428520000000
338,알뜰주유소,양천구주유소,서울,양천구,서울 양천구 국회대로 275 (목동),1578,1389,1,1,0,1,0,1,37.53031490000000,126.86551680000000
339,SK에너지,개나리Self주유소,서울,양천구,서울 양천구 남부순환로 442 (신월동),1578,1389,1,1,0,1,0,0,37.52828250000000,126.83294760000000
340,GS칼텍스,(주)삼표에너지 목동주유소,서울,양천구,서울 양천구 목동서로 129 (목동),1579,1407,1,1,0,0,0,0,37.53216510000000,126.87551880000000
341,HD현대오일뱅크,형산석유(주)원주유소,서울,양천구,서울 양천구 남부순환로 408,1579,1389,0,1,0,1,0,0,37.53113889999999,126.83098180000000
342,HD현대오일뱅크,현대오일뱅크(주)직영 양천현대셀프주유소,서울,양천구,서울 양천구 안양천로 1179 (목동),1579,1427,1,1,1,1,1,1,37.54597780000000,126.88135410000000
343,HD현대오일뱅크,현대오일뱅크㈜직영 목동셀프주유소,서울,양천구,서울 양천구 공항대로 648 (목동),1589,1447,1,0,0,0,0,0,37.54636030000000,126.86392410000000
344,GS칼텍스,신월주유소,서울,양천구,서울 양천구 신월로 193 (신월동),1593,1413,1,0,0,0,0,0,37.52006060000000,126.84408030000000
345,SK에너지,목동주유소,서울,양천구,서울 양천구 목동중앙로 125 (목동),1598,1417,1,1,0,0,0,0,37.53961590000000,126.87457550000000
346,SK에너지,SK에너지(주) 경인주유소,서울,양천구,서울 양천구 국회대로 170 (신정동),1622,1474,1,1,0,0,0,0,37.52815540000000,126.85382350000000
347,SK에너지,SK에너지(주) 신평,서울,양천구,서울 양천구 목동남로 62,1622,1472,0,1,0,1,0,0,37.50938420000000,126.86621700000000
348,HD현대오일뱅크,신정동주유소,서울,양천구,서울 양천구 안양천로 663 (신정동),1637,1457,1,1,0,0,1,0,37.50655370000000,126.87115420000000
349,HD현대오일뱅크,현대오일뱅크(주)직영 양천셀프주유소,서울,양천구,서울 양천구 목동로 17,1637,1467,1,1,0,0,0,0,37.51066750000000,126.87103520000000
350,HD현대오일뱅크,(주)서부트럭터미날,서울,양천구,서울 양천구 신정로 167 (신정동),1639,1449,0,1,0,0,0,1,37.50948720000000,126.83924080000000
351,SK에너지,삼미상사(주)신월IC셀프주유소,서울,양천구,서울 양천구 중앙로 331 (신월동),1644,1474,1,0,0,1,0,0,37.52550160000000,126.84979560000000
352,HD현대오일뱅크,현대오일뱅크(주)직영 양정주유소,서울,양천구,서울 양천구 국회대로 158 (신정동),1647,1449,0,0,0,0,0,0,37.52805880000000,126.85257710000000
353,HD현대오일뱅크,현대오일뱅크(주)직영 남부순환셀프주유소,서울,양천구,서울 양천구 남부순환로 553 (신월동),1647,1448,1,1,0,0,1,1,37.51949210000000,126.83880270000000
354,HD현대오일뱅크,현대오일뱅크(주)직영 신목동셀프주유소,서울,양천구,서울 양천구 목동동로10길 13,1648,1549,1,1,0,1,0,0,37.51957880000000,126.87107390000000
355,SK에너지,신양주유소,서울,양천구,서울 양천구 지양로 67,1729,1564,0,1,0,0,0,0,37.52152460000000,126.83384250000000
356,알뜰주유소,도림주유소,서울,영등포구,서울 영등포구 도림로 343 (도림동),1559,1369,1,0,0,1,0,0,37.50776070000000,126.90023610000000
357,GS칼텍스,지에스칼텍스㈜ 신길주유소,서울,영등포구,서울 영등포구 신길로 74 (신길동),1565,1380,1,1,0,0,0,1,37.49905170000000,126.90873280000000
358,HD현대오일뱅크,영등포제일셀프주유소,서울,영등포구,서울 영등포구 가마산로 379,1569,1389,1,1,0,1,0,0,37.50234760000000,126.89950310000000
359,S-OIL,성락주유소,서울,영등포구,서울 영등포구 가마산로 414 (신길동),1569,1389,1,1,0,0,0,0,37.50382500000000,126.90286900000000
360,GS칼텍스,(주)대청에너지 대청주유소,서울,영등포구,서울 영등포구 가마산로 328 (대림동),1569,1389,1,1,0,1,0,1,37.49854720000000,126.89575900000000
361,HD현대오일뱅크,매봉주유소,서울,영등포구,서울 영등포구 도신로 248 (신길동),1575,1425,1,1,0,1,0,0,37.51308849999999,126.91833450000000
362,GS칼텍스,㈜지에스이앤알 모드니주유소,서울,영등포구,서울 영등포구 경인로 789,1585,1405,0,1,0,0,0,0,37.51464550000000,126.90075960000000
363,GS칼텍스,(주)지에스이앤알 보라주유소,서울,영등포구,서울 영등포구 영등포로 399 (신길동),1585,1405,0,1,0,0,0,0,37.51353590000000,126.92273570000000
364,HD현대오일뱅크,(주)강서오일,서울,영등포구,서울 영등포구 도신로 151,1589,1399,0,0,0,0,0,1,37.51002190000000,126.90823800000000
365,SK에너지,한경석유(주)경덕주유소,서울,영등포구,서울 영등포구 여의대방로23길 2 (신길동),1589,1399,1,1,0,0,0,0,37.51769680000000,126.91699740000000
366,SK에너지,행촌주유소,서울,영등포구,서울 영등포구 도신로 130 (신길동),1589,1399,1,1,0,0,1,1,37.50861610000000,126.90623650000000
367,GS칼텍스,지에스칼텍스㈜ 화일주유소,서울,영등포구,서울 영등포구 도림로 415,1595,1428,1,0,0,0,0,0,37.51325080000000,126.89649010000000
368,SK에너지,남서울고속주유소,서울,영등포구,서울 영등포구 가마산로 367 (대림동),1599,1399,1,1,0,0,0,1,37.50160280000000,126.89886620000000
369,HD현대오일뱅크,(주)MS에너지,서울,영등포구,서울 영등포구 대림로 230,1599,1399,0,1,0,0,0,0,37.50133670000000,126.89743580000000
370,SK에너지,SK에너지(주) 양평주유소,서울,영등포구,서울 영등포구 선유로 195 (양평동3가),1619,1459,1,1,0,0,0,1,37.52903560000000,126.89104760000000
371,GS칼텍스,(주)한미석유 제2한강주유소,서울,영등포구,서울 영등포구 선유로 260 (양평동4가),1619,1459,1,1,0,0,0,0,37.53753520000000,126.89701040000000
372,S-OIL,선유도주유소,서울,영등포구,서울 영등포구 양평로 141 (양평동5가),1619,1469,1,1,0,0,0,0,37.53936630000000,126.89264490000000
373,SK에너지,SK에너지(주) 신길동주유소,서울,영등포구,서울 영등포구 영등포로 348 (신길동),1629,1459,0,1,0,0,0,0,37.51532150000000,126.91701120000000
374,S-OIL,씨앤에스유통 한성주유소,서울,영등포구,서울 영등포구 여의대방로 227,1635,1455,0,0,0,0,0,0,37.50720110000000,126.92290400000000
375,SK에너지,SK에너지(주) 기린주유소,서울,영등포구,서울 영등포구 선유로 270,1639,1479,1,1,0,0,1,1,37.53604370000000,126.89926800000000
376,HD현대오일뱅크,HD현대오일뱅크㈜직영 대일셀프주유소,서울,영등포구,서울 영등포구 영등포로 168,1643,1497,1,0,0,0,0,0,37.52049179999999,126.90006190000000
377,HD현대오일뱅크,국회대로주유소,서울,영등포구,서울 영등포구 국회대로 746 (여의도동),1895,1793,0,1,0,0,0,0,37.52799359999999,126.91604100000000
378,GS칼텍스,성원이앤에스(주)영등포지점,서울,영등포구,서울 영등포구 국회대로52길 9-13 (영등포동7가),1898,1799,0,0,0,0,0,0,37.52487440000000,126.90676230000000
379,SK에너지,버드나룻길주유소,서울,영등포구,서울 영등포구 버드나루로 111 (당산동),2050,1840,0,1,0,0,0,0,37.52801770000000,126.90787080000000
380,SK에너지,SK KH에너지 여의도주유소,서울,영등포구,서울 영등포구 국회대로 794 (여의도동),2110,2099,0,1,0,0,0,0,37.53079440000000,126.92039010000000
381,GS칼텍스,SJ오일(주) 여의도주유소,서울,영등포구,서울 영등포구 은행로 64,2199,2360,0,1,1,0,1,1,37.53037990000001,126.92557820000000
382,HD현대오일뱅크,HD현대오일뱅크㈜직영 한남동주유소,서울,용산구,서울 용산구 한남대로 204 (한남동),1848,1748,0,1,0,1,0,0,37.54596950000000,127.00287490000000
383,GS칼텍스,(주)영원 풍기주유소,서울,용산구,서울 용산구 원효로 178 (원효로2가),1998,1888,0,0,0,0,1,0,37.53561710000000,126.96270020000000
384,SK에너지,동자동주유소,서울,용산구,서울 용산구 한강대로104길 6 (동자동),2005,1910,0,1,0,0,0,0,37.55279360000000,126.97479680000000
385,HD현대오일뱅크,HD현대오일뱅크㈜직영 갈월동주유소,서울,용산구,서울특별시 용산구 한강대로 322 (남영동),2025,1930,0,1,0,1,0,0,37.54703750000000,126.97223570000000
386,HD현대오일뱅크,HD현대오일뱅크㈜직영 강변현대주유소,서울,용산구,서울 용산구 원효로 9 (청암동),2029,1949,0,1,0,1,0,0,37.53449570000001,126.94666340000000
387,HD현대오일뱅크,HD현대오일뱅크(주)직영 소월길주유소,서울,용산구,서울 용산구 소월로 66 (후암동),2029,1939,0,1,0,0,0,0,37.55058450000000,126.97699580000000
388,SK에너지,(주)남경주유소,서울,용산구,서울 용산구 녹사평대로11길 24,2045,1941,0,1,0,1,0,1,37.52263300000000,126.99312660000000
389,SK에너지,(주)신태성주유소,서울,용산구,서울 용산구 원효로 147 (원효로3가),2050,1930,0,1,0,0,0,0,37.53372680000000,126.95612840000000
390,SK에너지,한남지점,서울,용산구,서울 용산구 한남대로21길 4 (한남동),2247,2147,0,0,0,0,0,0,37.53473270000000,127.00609480000000
391,SK에너지,에너비스,서울,용산구,서울 용산구 한남대로 82 (한남동),2247,2147,0,1,0,0,0,0,37.53604120000000,127.00612760000000
392,SK에너지,한석주유소,서울,용산구,서울 용산구 이촌로 164,2254,2080,0,1,0,0,0,1,37.52139010000000,126.96555700000000
393,GS칼텍스,서계주유소,서울,용산구,서울 용산구 청파로 367 (청파동),2615,2599,0,1,0,0,0,0,37.55232860000000,126.96894620000000
394,HD현대오일뱅크,(주)디오티디 은평유니콘주유소,서울,은평구,서울 은평구 통일로 1151 (진관동),1534,1344,0,1,0,0,0,0,37.64322640000000,126.92000740000000
395,HD현대오일뱅크,응암주유소,서울,은평구,서울 은평구 응암로 163,1544,1444,1,0,0,0,0,0,37.58674820000000,126.91594640000000
396,SK에너지,타이거주유소,서울,은평구,서울 은평구 수색로 188 (증산동),1544,1424,1,1,0,0,0,0,37.58514780000000,126.90415210000000
397,HD현대오일뱅크,불광주유소,서울,은평구,서울 은평구 연서로 314 (불광동),1547,1397,1,1,0,0,0,0,37.62039730000000,126.92376840000000
398,S-OIL,㈜오일닷컴 다회주유소,서울,은평구,서울 은평구 증산로 441,1549,1434,1,0,0,0,0,0,37.59563890000000,126.91449670000000
399,GS칼텍스,지에스칼텍스(주)수색뉴타운주유소,서울,은평구,서울 은평구 수색로 350 (수색동),1549,1444,1,1,0,0,0,0,37.58717080000000,126.88753930000000
400,GS칼텍스,지에스칼텍스㈜ 신사제일주유소,서울,은평구,서울 은평구 증산로 423 (신사동),1559,1444,1,1,0,0,0,1,37.59561300000000,126.90720330000000
401,GS칼텍스,지에스칼텍스㈜ 서부주유소,서울,은평구,서울 은평구 응암로 210 (응암동),1559,1454,1,1,0,1,0,1,37.59079180000000,126.91780760000000
402,HD현대오일뱅크,(주)명연에너지 수색훼미리주유소,서울,은평구,서울 은평구 수색로 236 (수색동),1575,1465,1,1,0,0,0,0,37.58109370000000,126.89770680000000
403,SK에너지,박석고개주유소,서울,은평구,서울 은평구 통일로 945 (갈현동),1578,1438,1,1,0,0,0,1,37.62154100000000,126.91357800000000
404,SK에너지,은평뉴타운주유소,서울,은평구,서울 은평구 통일로 924 (불광동),1578,1438,1,1,0,1,0,0,37.62529770000000,126.92040310000000
405,GS칼텍스,지에스칼텍스㈜ 녹번주유소,서울,은평구,서울 은평구 통일로 600 (녹번동),1589,1474,1,1,0,0,0,0,37.60052470000000,126.93633430000000
406,GS칼텍스,성원이앤에스(주)은평지점,서울,은평구,서울 은평구 통일로 968 (진관동),1597,1458,1,1,0,0,0,0,37.62923200000000,126.91970400000000
407,GS칼텍스,대성산업㈜ 대성주유소,서울,은평구,서울 은평구 통일로 642,1619,1449,1,1,0,0,0,1,37.60406510000000,126.93525580000000
408,S-OIL,뉴타운셀프주유소,서울,은평구,서울 은평구 통일로 1031,1625,1475,1,0,0,0,0,0,37.64347430000000,126.91737150000000
409,자가상표,코끼리주유소,서울,은평구,서울 은평구 서오릉로 41 (녹번동),1688,1538,0,1,0,0,0,0,37.60327380000000,126.92941930000000
410,HD현대오일뱅크,HD현대오일뱅크㈜직영 재동주유소,서울,종로구,서울 종로구 율곡로 58 (경운동),1629,1489,1,0,0,0,0,0,37.57520130000000,126.98642070000000
411,HD현대오일뱅크,㈜지에스이앤알 평창주유소,서울,종로구,서울 종로구 평창문화로 135 (평창동),1694,1564,1,1,0,0,0,0,37.60973520000000,126.97451300000000
412,SK에너지,자하문주유소,서울,종로구,서울 종로구 자하문로 248 (부암동),1699,1539,1,1,0,0,0,0,37.59274800000000,126.96640180000000
413,S-OIL,안풍주유소,서울,종로구,서울 종로구 자하문로 303,1699,1539,0,1,0,0,0,0,37.59920640000000,126.95914450000000
414,S-OIL,구도일주유소특종,서울,종로구,서울 종로구 평창문화로 90 (평창동),1730,1540,0,1,0,0,0,0,37.60668980000000,126.97109880000000
415,SK에너지,(주)중앙에너비스 혜화주유소,서울,종로구,서울 종로구 창경궁로35길 1,2125,1895,0,0,0,0,0,0,37.58608359999999,127.00106840000000
416,SK에너지,SK북악주유소,서울,종로구,서울 종로구 평창문화로 137,2198,1998,0,1,0,0,0,0,37.60986360000000,126.97489820000000
417,GS칼텍스,경복궁주유소,서울,종로구,서울 종로구 율곡로 6 (중학동),2240,2110,0,0,0,0,0,0,37.57531260000000,126.97967750000000
418,GS칼텍스,(주)대양씨앤씨 사직주유소,서울,종로구,서울 종로구 사직로 65 (사직동),2250,2105,0,0,0,0,0,0,37.57450530000000,126.96660690000000
419,S-OIL,다산주유소,서울,중구,서울 중구 다산로 233,1599,1459,1,0,0,0,0,0,37.56394080000000,127.01568310000000
420,알뜰주유소,세화주유소,서울,중구,서울 중구 왕십리로 403,1668,1498,0,1,0,1,0,1,37.56473090000000,127.02552750000000
421,S-OIL,장충드림주유소,서울,중구,서울 중구 동호로 296,1685,1545,1,1,0,0,0,0,37.56085030000000,127.00341820000000
422,HD현대오일뱅크,HD현대오일뱅크㈜직영 장원주유소,서울,중구,서울 중구 동호로 203 (신당동),1798,1668,0,0,0,0,0,0,37.55601230000000,127.00929220000000
423,SK에너지,SK에너지(주) 퇴계로주유소,서울,중구,서울 중구 퇴계로 228 (필동2가),1854,1824,0,0,0,0,0,0,37.55877340000000,126.99472090000000
424,SK에너지,장충주유소,서울,중구,서울 중구 장충단로 202 (장충동1가),1938,1798,0,1,0,0,0,1,37.56097630000000,127.00758090000000
425,SK에너지,신당동주유소,서울,중구,서울 중구 다산로 242 (신당동),1998,1898,0,1,0,0,0,1,37.56460220000000,127.01641000000000
426,GS칼텍스,약수주유소,서울,중구,서울 중구 다산로 173,2266,2097,0,1,0,1,0,1,37.55902580000000,127.01266140000000
427,GS칼텍스,필동주유소,서울,중구,서울 중구 퇴계로 196 (필동2가),2389,2289,0,0,0,0,0,1,37.55877340000000,126.99472090000000
428,SK에너지,서남주유소,서울,중구,서울 중구 통일로 30,2625,2509,0,1,0,0,0,1,37.55837490000000,126.97209390000000
429,S-OIL,오천만주유소,서울,중랑구,서울 중랑구 동일로 547 (면목동),1577,1397,1,1,0,0,0,0,37.57912240000000,127.07933110000000
430,GS칼텍스,대원주유소,서울,중랑구,서울 중랑구 동일로 600,1579,1399,1,1,0,0,0,0,37.58403330000000,127.08010820000000
431,HD현대오일뱅크,(주)자연에너지 대창주유소,서울,중랑구,서울 중랑구 동일로 636 (면목동),1579,1399,1,0,0,0,0,0,37.58720690000000,127.08021700000000
432,SK에너지,면목SELF주유소,서울,중랑구,서울 중랑구 동일로 627 (면목동),1579,1399,1,1,0,1,0,0,37.58634980000000,127.07958850000000
433,GS칼텍스,우림주유소,서울,중랑구,서울 중랑구 용마산로 487 (망우제3동),1585,1395,1,1,0,0,0,0,37.59233180000000,127.09910540000000
434,GS칼텍스,대양주유소,서울,중랑구,서울 중랑구 봉우재로 105 (상봉동),1587,1397,1,1,0,0,0,0,37.59259210000000,127.08487880000000
435,SK에너지,신내주유소,서울,중랑구,서울 중랑구 용마산로 705 (신내동),1593,1398,1,1,0,0,0,0,37.61712500000000,127.09589620000000
436,SK에너지,용마로주유소,서울,중랑구,서울 중랑구 용마산로 309 (면목동),1598,1398,1,1,0,0,0,0,37.57987770000000,127.09218190000000
437,S-OIL,구도일주유소 동천,서울,중랑구,서울 중랑구 동일로 654 (면목동),1599,1399,1,1,0,0,0,0,37.58907340000000,127.08024470000000
438,S-OIL,(주)기지에너지,서울,중랑구,서울 중랑구 용마산로 716 (신내동),1599,1409,0,0,0,0,0,0,37.61762840000000,127.09438090000000
439,SK에너지,신일셀프주유소,서울,중랑구,서울 중랑구 상봉로 58 (망우동),1599,1498,1,1,0,1,0,1,37.59094190000000,127.09380660000000
440,S-OIL,(주)태영 구도일주유소 한인,서울,중랑구,서울 중랑구 망우로 170 (상봉동),1615,1425,1,1,0,1,0,0,37.59246550000000,127.07190800000000
441,S-OIL,범아주유소,서울,중랑구,서울 중랑구 동일로 881 (묵동),1669,1499,0,1,0,1,0,0,37.60931110000000,127.07767250000000
